{
  "by_category": {
    "credential": {
      "exact_span": 4,
      "exact_span_accuracy": 1.0,
      "f1": 1.0,
      "f2": 1.0,
      "fn": 0,
      "fp": 0,
      "precision": 1.0,
      "recall": 1.0,
      "tp": 4
    },
    "phi": {
      "exact_span": 4,
      "exact_span_accuracy": 1.0,
      "f1": 1.0,
      "f2": 1.0,
      "fn": 0,
      "fp": 0,
      "precision": 1.0,
      "recall": 1.0,
      "tp": 4
    },
    "pii": {
      "exact_span": 33,
      "exact_span_accuracy": 1.0,
      "f1": 0.5546218487394958,
      "f2": 0.43766578249336874,
      "fn": 53,
      "fp": 0,
      "precision": 1.0,
      "recall": 0.38372093023255816,
      "tp": 33
    },
    "secret": {
      "exact_span": 14,
      "exact_span_accuracy": 0.9333333333333333,
      "f1": 1.0,
      "f2": 1.0,
      "fn": 0,
      "fp": 0,
      "precision": 1.0,
      "recall": 1.0,
      "tp": 15
    }
  },
  "by_class": {
    "decision_preservation": {
      "exact_span": 6,
      "exact_span_accuracy": 1.0,
      "f1": 0.7499999999999999,
      "f2": 0.6521739130434783,
      "fn": 4,
      "fp": 0,
      "precision": 1.0,
      "recall": 0.6,
      "tp": 6
    },
    "mixed_entities": {
      "exact_span": 3,
      "exact_span_accuracy": 1.0,
      "f1": 0.5,
      "f2": 0.3846153846153846,
      "fn": 6,
      "fp": 0,
      "precision": 1.0,
      "recall": 0.3333333333333333,
      "tp": 3
    },
    "nested_metadata": {
      "exact_span": 21,
      "exact_span_accuracy": 1.0,
      "f1": 0.7000000000000001,
      "f2": 0.5932203389830508,
      "fn": 18,
      "fp": 0,
      "precision": 1.0,
      "recall": 0.5384615384615384,
      "tp": 21
    },
    "overlapping_entities": {
      "exact_span": 2,
      "exact_span_accuracy": 1.0,
      "f1": 0.8,
      "f2": 0.7142857142857142,
      "fn": 1,
      "fp": 0,
      "precision": 1.0,
      "recall": 0.6666666666666666,
      "tp": 2
    },
    "positive_detection": {
      "exact_span": 55,
      "exact_span_accuracy": 0.9821428571428571,
      "f1": 0.6787878787878788,
      "f2": 0.5691056910569106,
      "fn": 53,
      "fp": 0,
      "precision": 1.0,
      "recall": 0.5137614678899083,
      "tp": 56
    },
    "structural_identity": {
      "exact_span": 20,
      "exact_span_accuracy": 1.0,
      "f1": 0.6666666666666666,
      "f2": 0.5555555555555556,
      "fn": 20,
      "fp": 0,
      "precision": 1.0,
      "recall": 0.5,
      "tp": 20
    }
  },
  "by_source_shape": {
    "adapter_emission": {
      "exact_span": 3,
      "exact_span_accuracy": 1.0,
      "f1": 0.8571428571428571,
      "f2": 0.7894736842105263,
      "fn": 1,
      "fp": 0,
      "precision": 1.0,
      "recall": 0.75,
      "tp": 3
    },
    "bounded_document_fetch": {
      "exact_span": 1,
      "exact_span_accuracy": 1.0,
      "f1": 0.5,
      "f2": 0.3846153846153846,
      "fn": 2,
      "fp": 0,
      "precision": 1.0,
      "recall": 0.3333333333333333,
      "tp": 1
    },
    "external_ingest_envelope": {
      "exact_span": 1,
      "exact_span_accuracy": 1.0,
      "f1": 0.4,
      "f2": 0.29411764705882354,
      "fn": 3,
      "fp": 0,
      "precision": 1.0,
      "recall": 0.25,
      "tp": 1
    },
    "failure_fixture": {
      "exact_span": 1,
      "exact_span_accuracy": 1.0,
      "f1": 1.0,
      "f2": 1.0,
      "fn": 0,
      "fp": 0,
      "precision": 1.0,
      "recall": 1.0,
      "tp": 1
    },
    "github_poll": {
      "exact_span": 2,
      "exact_span_accuracy": 1.0,
      "f1": 0.8,
      "f2": 0.7142857142857142,
      "fn": 1,
      "fp": 0,
      "precision": 1.0,
      "recall": 0.6666666666666666,
      "tp": 2
    },
    "github_webhook": {
      "exact_span": 5,
      "exact_span_accuracy": 1.0,
      "f1": 0.7142857142857143,
      "f2": 0.6097560975609756,
      "fn": 4,
      "fp": 0,
      "precision": 1.0,
      "recall": 0.5555555555555556,
      "tp": 5
    },
    "linear_graphql": {
      "exact_span": 2,
      "exact_span_accuracy": 1.0,
      "f1": 0.8,
      "f2": 0.7142857142857142,
      "fn": 1,
      "fp": 0,
      "precision": 1.0,
      "recall": 0.6666666666666666,
      "tp": 2
    },
    "linear_webhook": {
      "exact_span": 2,
      "exact_span_accuracy": 1.0,
      "f1": 0.6666666666666666,
      "f2": 0.5555555555555556,
      "fn": 2,
      "fp": 0,
      "precision": 1.0,
      "recall": 0.5,
      "tp": 2
    },
    "local_directory": {
      "exact_span": 2,
      "exact_span_accuracy": 1.0,
      "f1": 0.6666666666666666,
      "f2": 0.5555555555555556,
      "fn": 2,
      "fp": 0,
      "precision": 1.0,
      "recall": 0.5,
      "tp": 2
    },
    "observation": {
      "exact_span": 10,
      "exact_span_accuracy": 1.0,
      "f1": 0.6666666666666666,
      "f2": 0.5555555555555556,
      "fn": 10,
      "fp": 0,
      "precision": 1.0,
      "recall": 0.5,
      "tp": 10
    },
    "plain_text": {
      "exact_span": 26,
      "exact_span_accuracy": 0.9629629629629629,
      "f1": 0.6666666666666666,
      "f2": 0.5555555555555556,
      "fn": 27,
      "fp": 0,
      "precision": 1.0,
      "recall": 0.5,
      "tp": 27
    }
  },
  "by_subtype": {
    "account_id": {
      "exact_span": 0,
      "exact_span_accuracy": null,
      "exact_span_accuracy_note": "no_true_positives",
      "f1": null,
      "f1_note": "undefined_precision_or_recall",
      "f2": null,
      "f2_note": "undefined_precision_or_recall",
      "fn": 4,
      "fp": 0,
      "precision": null,
      "precision_note": "no_positive_predictions",
      "recall": 0.0,
      "tp": 0
    },
    "address": {
      "exact_span": 0,
      "exact_span_accuracy": null,
      "exact_span_accuracy_note": "no_true_positives",
      "f1": null,
      "f1_note": "undefined_precision_or_recall",
      "f2": null,
      "f2_note": "undefined_precision_or_recall",
      "fn": 7,
      "fp": 0,
      "precision": null,
      "precision_note": "no_positive_predictions",
      "recall": 0.0,
      "tp": 0
    },
    "aws-access-key": {
      "exact_span": 2,
      "exact_span_accuracy": 1.0,
      "f1": 1.0,
      "f2": 1.0,
      "fn": 0,
      "fp": 0,
      "precision": 1.0,
      "recall": 1.0,
      "tp": 2
    },
    "azure-storage-key": {
      "exact_span": 1,
      "exact_span_accuracy": 1.0,
      "f1": 1.0,
      "f2": 1.0,
      "fn": 0,
      "fp": 0,
      "precision": 1.0,
      "recall": 1.0,
      "tp": 1
    },
    "dob": {
      "exact_span": 0,
      "exact_span_accuracy": null,
      "exact_span_accuracy_note": "no_true_positives",
      "f1": null,
      "f1_note": "undefined_precision_or_recall",
      "f2": null,
      "f2_note": "undefined_precision_or_recall",
      "fn": 2,
      "fp": 0,
      "precision": null,
      "precision_note": "no_positive_predictions",
      "recall": 0.0,
      "tp": 0
    },
    "email": {
      "exact_span": 19,
      "exact_span_accuracy": 1.0,
      "f1": 1.0,
      "f2": 1.0,
      "fn": 0,
      "fp": 0,
      "precision": 1.0,
      "recall": 1.0,
      "tp": 19
    },
    "financial_id": {
      "exact_span": 0,
      "exact_span_accuracy": null,
      "exact_span_accuracy_note": "no_true_positives",
      "f1": null,
      "f1_note": "undefined_precision_or_recall",
      "f2": null,
      "f2_note": "undefined_precision_or_recall",
      "fn": 1,
      "fp": 0,
      "precision": null,
      "precision_note": "no_positive_predictions",
      "recall": 0.0,
      "tp": 0
    },
    "github-fine-grained-pat": {
      "exact_span": 1,
      "exact_span_accuracy": 1.0,
      "f1": 1.0,
      "f2": 1.0,
      "fn": 0,
      "fp": 0,
      "precision": 1.0,
      "recall": 1.0,
      "tp": 1
    },