{
  "by_category": {
    "credential": {
      "exact_span": 4,
      "exact_span_accuracy": 1.0,
      "f1": 1.0,
      "f2": 1.0,
      "fn": 0,
      "fp": 0,
      "precision": 1.0,
      "recall": 1.0,
      "tp": 4
    },
    "phi": {
      "exact_span": 4,
      "exact_span_accuracy": 1.0,
      "f1": 1.0,
      "f2": 1.0,
      "fn": 0,
      "fp": 0,
      "precision": 1.0,
      "recall": 1.0,
      "tp": 4
    },
    "pii": {
      "exact_span": 77,
      "exact_span_accuracy": 0.9871794871794872,
      "f1": 0.8863636363636364,
      "f2": 0.8986175115207374,
      "fn": 8,
      "fp": 12,
      "precision": 0.8666666666666667,
      "recall": 0.9069767441860465,
      "tp": 78
    },
    "secret": {
      "exact_span": 14,
      "exact_span_accuracy": 0.9333333333333333,
      "f1": 1.0,
      "f2": 1.0,
      "fn": 0,
      "fp": 0,
      "precision": 1.0,
      "recall": 1.0,
      "tp": 15
    }
  },
  "by_class": {
    "decision_preservation": {
      "exact_span": 9,
      "exact_span_accuracy": 1.0,
      "f1": 0.8571428571428572,
      "f2": 0.8823529411764706,
      "fn": 1,
      "fp": 2,
      "precision": 0.8181818181818182,
      "recall": 0.9,
      "tp": 9
    },
    "mixed_entities": {
      "exact_span": 8,
      "exact_span_accuracy": 1.0,
      "f1": 0.9411764705882353,
      "f2": 0.9090909090909091,
      "fn": 1,
      "fp": 0,
      "precision": 1.0,
      "recall": 0.8888888888888888,
      "tp": 8
    },
    "nested_metadata": {
      "exact_span": 39,
      "exact_span_accuracy": 1.0,
      "f1": 0.9285714285714286,
      "f2": 0.9701492537313434,
      "fn": 0,
      "fp": 6,
      "precision": 0.8666666666666667,
      "recall": 1.0,
      "tp": 39
    },
    "overlapping_entities": {
      "exact_span": 3,
      "exact_span_accuracy": 1.0,
      "f1": 1.0,
      "f2": 1.0,
      "fn": 0,
      "fp": 0,
      "precision": 1.0,
      "recall": 1.0,
      "tp": 3
    },
    "positive_detection": {
      "exact_span": 99,
      "exact_span_accuracy": 0.9801980198019802,
      "f1": 0.9099099099099099,
      "f2": 0.9198542805100183,
      "fn": 8,
      "fp": 12,
      "precision": 0.8938053097345132,
      "recall": 0.926605504587156,
      "tp": 101
    },
    "structural_identity": {
      "exact_span": 38,
      "exact_span_accuracy": 1.0,
      "f1": 0.9047619047619048,
      "f2": 0.931372549019608,
      "fn": 2,
      "fp": 6,
      "precision": 0.8636363636363636,
      "recall": 0.95,
      "tp": 38
    }
  },
  "by_source_shape": {
    "adapter_emission": {
      "exact_span": 4,
      "exact_span_accuracy": 1.0,
      "f1": 1.0,
      "f2": 1.0,
      "fn": 0,
      "fp": 0,
      "precision": 1.0,
      "recall": 1.0,
      "tp": 4
    },
    "bounded_document_fetch": {
      "exact_span": 3,
      "exact_span_accuracy": 1.0,
      "f1": 1.0,
      "f2": 1.0,
      "fn": 0,
      "fp": 0,
      "precision": 1.0,
      "recall": 1.0,
      "tp": 3
    },
    "external_ingest_envelope": {
      "exact_span": 4,
      "exact_span_accuracy": 1.0,
      "f1": 1.0,
      "f2": 1.0,
      "fn": 0,
      "fp": 0,
      "precision": 1.0,
      "recall": 1.0,
      "tp": 4
    },
    "failure_fixture": {
      "exact_span": 1,
      "exact_span_accuracy": 1.0,
      "f1": 1.0,
      "f2": 1.0,
      "fn": 0,
      "fp": 0,
      "precision": 1.0,
      "recall": 1.0,
      "tp": 1
    },
    "github_poll": {
      "exact_span": 3,
      "exact_span_accuracy": 1.0,
      "f1": 1.0,
      "f2": 1.0,
      "fn": 0,
      "fp": 0,
      "precision": 1.0,
      "recall": 1.0,
      "tp": 3
    },
    "github_webhook": {
      "exact_span": 9,
      "exact_span_accuracy": 1.0,
      "f1": 0.8181818181818181,
      "f2": 0.9183673469387755,
      "fn": 0,
      "fp": 4,
      "precision": 0.6923076923076923,
      "recall": 1.0,
      "tp": 9
    },
    "linear_graphql": {
      "exact_span": 3,
      "exact_span_accuracy": 1.0,
      "f1": 1.0,
      "f2": 1.0,
      "fn": 0,
      "fp": 0,
      "precision": 1.0,
      "recall": 1.0,
      "tp": 3
    },
    "linear_webhook": {
      "exact_span": 4,
      "exact_span_accuracy": 1.0,
      "f1": 0.888888888888889,
      "f2": 0.9523809523809523,
      "fn": 0,
      "fp": 1,
      "precision": 0.8,
      "recall": 1.0,
      "tp": 4
    },
    "local_directory": {
      "exact_span": 4,
      "exact_span_accuracy": 1.0,
      "f1": 0.888888888888889,
      "f2": 0.9523809523809523,
      "fn": 0,
      "fp": 1,
      "precision": 0.8,
      "recall": 1.0,
      "tp": 4
    },
    "observation": {
      "exact_span": 17,
      "exact_span_accuracy": 1.0,
      "f1": 0.8717948717948718,
      "f2": 0.8585858585858586,
      "fn": 3,
      "fp": 2,
      "precision": 0.8947368421052632,
      "recall": 0.85,
      "tp": 17
    },
    "plain_text": {
      "exact_span": 47,
      "exact_span_accuracy": 0.9591836734693877,
      "f1": 0.9158878504672898,
      "f2": 0.9107806691449815,
      "fn": 5,
      "fp": 4,
      "precision": 0.9245283018867925,
      "recall": 0.9074074074074074,
      "tp": 49
    }
  },
  "by_subtype": {
    "account_id": {
      "exact_span": 2,
      "exact_span_accuracy": 0.6666666666666666,
      "f1": 0.6666666666666665,
      "f2": 0.7142857142857143,
      "fn": 1,
      "fp": 2,
      "precision": 0.6,
      "recall": 0.75,
      "tp": 3
    },
    "address": {
      "exact_span": 7,
      "exact_span_accuracy": 1.0,
      "f1": 0.8750000000000001,
      "f2": 0.945945945945946,
      "fn": 0,
      "fp": 2,
      "precision": 0.7777777777777778,
      "recall": 1.0,
      "tp": 7
    },
    "aws-access-key": {
      "exact_span": 2,
      "exact_span_accuracy": 1.0,
      "f1": 1.0,
      "f2": 1.0,
      "fn": 0,
      "fp": 0,
      "precision": 1.0,
      "recall": 1.0,
      "tp": 2
    },
    "azure-storage-key": {
      "exact_span": 1,
      "exact_span_accuracy": 1.0,
      "f1": 1.0,
      "f2": 1.0,
      "fn": 0,
      "fp": 0,
      "precision": 1.0,
      "recall": 1.0,
      "tp": 1
    },
    "dob": {
      "exact_span": 2,
      "exact_span_accuracy": 1.0,
      "f1": 1.0,
      "f2": 1.0,
      "fn": 0,
      "fp": 0,
      "precision": 1.0,
      "recall": 1.0,
      "tp": 2
    },
    "email": {
      "exact_span": 19,
      "exact_span_accuracy": 1.0,
      "f1": 1.0,
      "f2": 1.0,
      "fn": 0,
      "fp": 0,
      "precision": 1.0,
      "recall": 1.0,
      "tp": 19
    },
    "financial_id": {
      "exact_span": 1,
      "exact_span_accuracy": 1.0,
      "f1": 1.0,
      "f2": 1.0,
      "fn": 0,
      "fp": 0,
      "precision": 1.0,
      "recall": 1.0,
      "tp": 1
    },
    "github-fine-grained-pat": {
      "exact_span": 1,
      "exact_span_accuracy": 1.0,
      "f1": 1.0,
      "f2": 1.0,
      "fn": 0,
      "fp": 0,
      "precision": 1.0,
      "recall": 1.0,
      "tp": 1
    },
    "github-pat": {
      "exact_span": 2,
      "exact_span_accuracy": 1.0,
      "f1": 1.0,
      "f2": 1.0,
      "fn": 0,
      "fp": 0,
      "precision": 1.0,
      "recall": 1.0,
      "tp": 2
    },
    "gitlab-pat": {
      "exact_span": 1,
      "exact_span_accuracy": 1.0,
      "f1": 1.0,
      "f2": 1.0,
      "fn": 0,
      "fp": 0,
      "precision": 1.0,
      "recall": 1.0,
      "tp": 1
    },
    "google-api-key": {
      "exact_span": 1,
      "exact_span_accuracy": 1.0,
      "f1": 1.0,
      "f2": 1.0,
      "fn": 0,
      "fp": 0,
      "precision": 1.0,
      "recall": 1.0,
      "tp": 1
    },
    "government_id": {
      "exact_span": 1,
      "exact_span_accuracy": 1.0,
      "f1": 0.6666666666666666,
      "f2": 0.5555555555555556,
      "fn": 1,
      "fp": 0,
      "precision": 1.0,
      "recall": 0.5,
      "tp": 1
    },
    "ip": {
      "exact_span": 1,
      "exact_span_accuracy": 1.0,
      "f1": 0.25,
      "f2": 0.17241379310344823,
      "fn": 6,
      "fp": 0,
      "precision": 1.0,
      "recall": 0.14285714285714285,
      "tp": 1
    },
    "jwt": {
      "exact_span": 1,